date_time,player1_name,player2_name,points1,points2
2011-05-18 13:47:01+00:00,dnc,BULLET,1,0
2011-05-18 13:35:49+00:00,BULLET,dnc,0,1
2011-05-18 13:33:59+00:00,dnc,BULLET,1,0
2011-05-18 13:30:22+00:00,BULLET,High-tech,0,1
2011-05-18 13:06:43+00:00,BULLET,High-tech,0,1
2011-05-18 12:48:29+00:00,High-tech,BULLET,1,0
2011-05-18 12:39:33+00:00,BULLET,High-tech,0,1
2011-05-18 12:20:20+00:00,High-tech,BULLET,1,0
2011-05-18 12:19:43+00:00,,BULLET,0,1
2011-05-15 14:29:34+00:00,BULLET,GURUMURTHY,1,0
2011-05-15 14:01:12+00:00,BULLET,,0,1
2011-05-15 13:28:05+00:00,BULLET,GULAAM,1,0
2011-05-15 13:25:46+00:00,BULLET,,1,0
2011-05-15 13:22:24+00:00,BULLET,suvarnabhumi,0,1
2011-05-15 13:16:46+00:00,BULLET,suvarnabhumi,0,1
2011-05-15 13:05:37+00:00,suvarnabhumi,BULLET,0,1
2011-05-15 12:53:17+00:00,BULLET,suvarnabhumi,1,0
2011-05-15 12:40:13+00:00,BULLET,suvarnabhumi,0,0
2011-05-15 12:30:04+00:00,suvarnabhumi,BULLET,0,1
2011-05-15 12:14:49+00:00,BULLET,suvarnabhumi,0,1
2011-05-15 12:02:51+00:00,suvarnabhumi,BULLET,1,0
2011-05-15 11:51:36+00:00,BULLET,suvarnabhumi,0,1
2011-05-15 11:39:48+00:00,suvarnabhumi,BULLET,1,0
2011-05-15 11:28:34+00:00,BULLET,suvarnabhumi,0,1
2011-05-15 11:26:28+00:00,,BULLET,1,0
2011-05-15 11:16:46+00:00,ngrju,BULLET,0,1
2011-05-15 11:11:45+00:00,BULLET,,0,1
2011-05-15 10:54:41+00:00,BULLET,,0,1
2011-05-30 10:57:36+00:00,Boris81,Blitz,1,0
2015-01-21 11:33:08.117000+00:00,Rapid,hrff,0,1
2015-01-21 11:21:26.912000+00:00,hrff,Rapid,1,0
2015-01-20 14:07:42.197000+00:00,Rapid,,0,1
2015-01-20 13:46:05.699000+00:00,nachbar,Rapid,0,1
2015-01-20 13:28:01.255000+00:00,nachbar,Rapid,0,1
2015-01-20 13:20:57.549000+00:00,,Rapid,1,0
2013-04-21 09:02:09.352000+00:00,mina159,Rapid,0,1
2013-04-21 08:48:43.134000+00:00,OVENRUSSIA,Rapid,0,1
2013-04-21 02:01:44.514000+00:00,karpovbeer,Rapid,0,1
2013-04-21 01:41:29.993000+00:00,lopy,Rapid,0,1
2013-04-21 01:19:54.736000+00:00,BajaArtists,Rapid,0,1
2013-04-21 00:04:16.802000+00:00,FOXTROVITO------,Rapid,0,1
2013-04-20 23:50:58.918000+00:00,noobnoob,Rapid,1,0
2013-04-20 23:28:52.255000+00:00,lerebo,Rapid,0,1
2013-04-20 23:18:41.664000+00:00,noobnoob,Rapid,1,0
2013-04-20 23:11:12.084000+00:00,,Rapid,1,0
2013-04-20 23:01:35.172000+00:00,valpaccino,Rapid,0,1
2013-04-20 19:45:13.043000+00:00,Rapid,vdm2012,1,0
2013-04-20 19:39:44.814000+00:00,vdm2012,Rapid,0,1
2013-04-20 19:32:20.716000+00:00,Rapid,vdm2012,1,0
2013-04-20 19:23:22.922000+00:00,vdm2012,Rapid,0,0
2013-04-20 19:13:25.547000+00:00,Rapid,NanoT,1,0
2013-04-20 19:11:07.924000+00:00,NanoT,Rapid,0,1
2013-04-20 18:45:29.018000+00:00,mogielica,Rapid,0,1
2013-04-20 18:29:52.534000+00:00,Rapid,mhn1361,0,1
2013-04-20 18:24:48.016000+00:00,sadrik,Rapid,1,0
2013-04-20 18:10:40.642000+00:00,Vlaroz,Rapid,0,1
2013-04-20 18:05:02.921000+00:00,Rapid,stonedemu,1,0
2013-04-20 18:01:42.042000+00:00,Austinf,Rapid,0,1
2013-04-20 17:45:20.894000+00:00,mogielica,Rapid,0,1
2013-04-20 17:42:10.342000+00:00,tomi36,Rapid,0,1
2013-04-20 17:32:53.857000+00:00,UnbeatableWinner,Rapid,0,1
2013-04-20 17:21:22.965000+00:00,SPS53,Rapid,0,1
2013-04-20 17:06:39.644000+00:00,shashank,Rapid,0,1
2013-04-20 16:59:38.545000+00:00,LOR_J,Rapid,0,1
2013-04-20 16:33:06.338000+00:00,tamplier_47,Rapid,0,1
2013-04-20 14:36:01.149000+00:00,OVENRUSSIA,Rapid,0,1
2013-04-20 14:27:32.949000+00:00,Rapid,VladimirVS,0,0
2013-04-20 14:22:14.711000+00:00,Rapid,FABIO_CASTRO,1,0
2013-04-20 14:21:40.373000+00:00,Rapid,twochief,0,1
2013-04-20 14:15:43.594000+00:00,pablotorre,Rapid,0,1
2013-04-20 14:09:42.013000+00:00,Rapid,pablotorre,0,0
2013-04-20 14:02:13.431000+00:00,pablotorre,Rapid,1,0
2013-04-20 13:55:51.488000+00:00,Rapid,pablotorre,0,1
2013-04-20 13:49:57.872000+00:00,pablotorre,Rapid,0,1
2013-04-20 13:39:24.528000+00:00,Rapid,chesss4,1,0
2013-04-20 13:22:34.994000+00:00,Rapid,matsuhui,0,1
2013-04-20 13:16:33.652000+00:00,matsuhui,Rapid,1,0
2013-04-20 12:56:52.211000+00:00,Rapid,dc,1,0
2013-04-20 04:47:57.219000+00:00,Paupau,Rapid,0,1
2013-04-20 04:40:55.881000+00:00,NanoT,Rapid,0,1
2013-04-20 04:20:05.843000+00:00,yur-koto,Rapid,0,1
2013-04-20 03:03:17.443000+00:00,Rapid,IronPocho,1,0
2013-04-20 02:55:23.652000+00:00,IronPocho,Rapid,1,0
2013-04-20 02:33:56.448000+00:00,Rapid,Corsario,0,0
2013-04-20 02:27:27.671000+00:00,chesss4,Rapid,1,0
2013-04-20 02:20:04.002000+00:00,Chessgames,Rapid,1,0
2013-04-20 02:15:37.402000+00:00,Rapid,Chessgames,1,0
2013-04-20 02:10:49.088000+00:00,gongo2013,Rapid,1,0
2013-04-20 02:09:12.086000+00:00,Rapid,jomu,1,0
2013-04-20 01:45:36.495000+00:00,Rapid,UKwildcats,1,0
2013-04-20 01:36:16.310000+00:00,UKwildcats,Rapid,1,0
2013-04-20 01:26:48.249000+00:00,thgonace,Rapid,0,1
2013-04-20 01:20:05.573000+00:00,Rapid,only4cc,1,0
2013-04-20 01:11:59.634000+00:00,dimehola,Rapid,0,1
2013-04-20 00:54:06.738000+00:00,Paupau,Rapid,0,1
2013-04-20 00:48:33.551000+00:00,palopezito,Rapid,0,1
2013-04-20 00:40:42.065000+00:00,RICARDO59,Rapid,0,1
2013-04-19 23:18:46.188000+00:00,Ataj,Rapid,0,1
2013-04-19 23:16:20.728000+00:00,Estre,Rapid,0,1
2013-04-19 23:08:58.004000+00:00,Rapid,chibeudi,1,0
2013-04-19 23:05:13.242000+00:00,chibeudi,Rapid,1,0
2013-04-19 22:58:01.822000+00:00,Rapid,chibeudi,0,1
2013-04-19 22:55:30.313000+00:00,chibeudi,Rapid,1,0
2013-04-19 22:53:11.221000+00:00,Estre,Rapid,0,1
2013-04-19 22:52:14.951000+00:00,OVENRUSSIA,Rapid,1,0
2013-04-19 22:37:23.802000+00:00,CHPOK,Rapid,1,0
2013-04-19 22:35:03.370000+00:00,Rapid,CHPOK,0,1
2013-04-19 22:33:35.593000+00:00,CHPOK,Rapid,1,0
2013-04-19 22:31:09.049000+00:00,Rapid,CHPOK,0,1
2013-04-19 22:28:16.692000+00:00,CHPOK,Rapid,1,0
2013-04-19 16:28:40.953000+00:00,kikesito,Rapid,0,1
2013-04-19 16:22:06.345000+00:00,Rapid,Yannyi,0,0
2013-04-19 16:18:29.515000+00:00,VladimirVS,Rapid,1,0
2013-04-19 16:12:28.021000+00:00,Rapid,VladimirVS,0,1
2013-04-19 16:09:55.008000+00:00,Rapid,hoss,1,0
2013-04-19 16:09:18.712000+00:00,hoss,Rapid,1,0
2013-04-19 16:07:57.342000+00:00,Rapid,hoss,0,1
2013-04-19 16:05:04.758000+00:00,hoss,Rapid,0,1
2013-04-19 16:01:03.810000+00:00,Rapid,hoss,0,1
2013-04-19 15:58:13.061000+00:00,hoss,Rapid,0,1
2013-04-19 15:45:41.620000+00:00,hoss,Rapid,1,0
2013-04-19 15:41:27.634000+00:00,VladimirVS,Rapid,1,0
2013-04-19 15:26:55.163000+00:00,UnbeatableWinner,Rapid,1,0
2013-04-19 15:21:14.125000+00:00,UnbeatableWinner,Rapid,1,0
2013-04-19 12:47:26.808000+00:00,Rapid,OBorchenko,1,0
2013-04-19 12:43:39.068000+00:00,T91,Rapid,0,1
2015-01-21 23:15:59.254000+00:00,sekerlama,Classical,1,0
2015-01-21 23:06:27.022000+00:00,magical,Classical,0,1
2015-05-17 04:18:13.050000+00:00,UltraBullet,levtraru,1,0
2015-05-17 04:06:14.227000+00:00,levtraru,UltraBullet,0,0
2015-05-17 04:03:34.266000+00:00,levtraru,UltraBullet,0,1
2015-05-17 04:01:10.143000+00:00,Divine_Matrix,UltraBullet,0,1
2015-05-17 03:58:39.080000+00:00,UltraBullet,Divine_Matrix,0,0
2015-05-17 03:57:03.987000+00:00,Divine_Matrix,UltraBullet,0,1
2015-05-17 03:52:39.216000+00:00,levtraru,UltraBullet,1,0
2015-05-17 03:49:51.527000+00:00,levtraru,UltraBullet,0,1
2015-05-17 03:48:47.627000+00:00,levtraru,UltraBullet,0,1
2015-05-17 03:46:57.155000+00:00,UltraBullet,levtraru,1,0
2015-05-17 03:44:16.785000+00:00,levtraru,UltraBullet,0,1
2015-05-17 03:42:21.187000+00:00,UltraBullet,levtraru,1,0
2015-05-17 03:40:03.185000+00:00,levtraru,UltraBullet,1,0
2015-05-17 03:37:42.612000+00:00,UltraBullet,levtraru,0,1
2015-05-17 03:33:17.486000+00:00,UltraBullet,levtraru,1,0
2015-05-17 03:31:26.030000+00:00,levtraru,UltraBullet,1,0
2015-05-17 03:30:48.026000+00:00,UltraBullet,levtraru,1,0
2015-05-17 03:27:52.567000+00:00,UltraBullet,levtraru,0,1
2015-05-17 03:25:37.545000+00:00,UltraBullet,levtraru,1,0
2015-05-17 03:23:30.313000+00:00,levtraru,UltraBullet,1,0
2015-05-17 03:19:55.654000+00:00,RSerpaPuzzles,UltraBullet,0,0
2015-05-17 03:17:21.672000+00:00,UltraBullet,RSerpaPuzzles,0,1
2015-05-17 03:15:43.938000+00:00,RSerpaPuzzles,UltraBullet,1,0
2015-05-17 03:13:06.036000+00:00,UltraBullet,RSerpaPuzzles,0,1
2015-05-17 03:10:22.898000+00:00,RSerpaPuzzles,UltraBullet,0,1
2015-05-17 03:07:49.487000+00:00,UltraBullet,RSerpaPuzzles,1,0
2015-05-17 03:05:43.355000+00:00,RSerpaPuzzles,UltraBullet,0,1
2015-05-10 10:06:33.286000+00:00,UltraBullet,lucky1,1,0
2015-05-10 10:04:11.678000+00:00,lucky1,UltraBullet,0,1
2015-05-10 10:02:09.518000+00:00,UltraBullet,lucky1,1,0
2015-05-10 09:59:57.925000+00:00,lucky1,UltraBullet,1,0
2015-05-10 09:57:33.641000+00:00,UltraBullet,lucky1,1,0
2015-05-10 09:49:22.646000+00:00,UltraBullet,sittyplayer,1,0
2015-05-10 09:48:16.607000+00:00,sittyplayer,UltraBullet,0,1
2015-05-10 09:44:45.966000+00:00,broskall,UltraBullet,1,0
2015-03-16 00:13:51.049000+00:00,Goet,UltraBullet,0,1
2015-03-16 00:11:39.781000+00:00,UltraBullet,Goet,1,0
2015-03-16 00:09:40.829000+00:00,Goet,UltraBullet,0,1
2015-03-14 19:42:39.847000+00:00,Paul_Keres,UltraBullet,0,1
2015-03-14 19:41:15.431000+00:00,UltraBullet,Paul_Keres,0,1
2015-03-14 19:38:42.017000+00:00,Paul_Keres,UltraBullet,0,1
2015-03-14 19:36:21.278000+00:00,UltraBullet,Paul_Keres,0,1
2015-03-14 19:33:56.726000+00:00,Paul_Keres,UltraBullet,1,0
2015-03-14 19:31:59.352000+00:00,UltraBullet,Paul_Keres,1,0
2015-03-14 19:27:49.015000+00:00,Pitrinu,UltraBullet,0,1
2015-03-14 19:26:16.591000+00:00,UltraBullet,Pitrinu,1,0
2015-03-14 19:22:07.779000+00:00,Superboy,UltraBullet,0,1
2015-03-14 19:20:19.194000+00:00,UltraBullet,Superboy,0,1
2015-03-14 19:19:07.942000+00:00,Superboy,UltraBullet,1,0
2015-03-14 19:16:48.203000+00:00,UltraBullet,Superboy,0,1
2015-03-14 19:14:36.691000+00:00,Superboy,UltraBullet,0,1
2015-03-14 19:14:03.010000+00:00,UltraBullet,Superboy,0,1
2015-03-14 19:13:18.337000+00:00,Superboy,UltraBullet,0,1
2015-03-14 19:10:34.018000+00:00,UltraBullet,Superboy,0,1
2015-03-14 19:09:13.193000+00:00,Superboy,UltraBullet,1,0
2015-03-14 19:07:24.860000+00:00,UltraBullet,Superboy,1,0
2015-03-14 00:05:46.596000+00:00,HeIlBall,UltraBullet,0,1
2015-03-14 00:03:40.585000+00:00,UltraBullet,HeIlBall,0,1
2015-03-14 00:01:43.509000+00:00,HeIlBall,UltraBullet,1,0
2015-03-13 23:59:45.422000+00:00,UltraBullet,HeIlBall,0,1
2015-03-13 23:50:46.877000+00:00,UltraBullet,CrazyMadMax4,1,0
2015-03-13 22:48:50.916000+00:00,UltraBullet,zaphikel,1,0
2015-03-13 22:29:37.786000+00:00,kevlar,UltraBullet,0,1
2015-03-13 21:58:02.081000+00:00,UltraBullet,Matrix58,1,0
2015-03-13 21:55:39.735000+00:00,Matrix58,UltraBullet,1,0
2015-03-13 21:53:16.781000+00:00,UltraBullet,piata,1,0
2015-03-13 21:42:19.528000+00:00,UltraBullet,chesspuzzles,1,0
2015-03-13 21:39:43.717000+00:00,dulencekv,UltraBullet,0,1
2015-03-13 05:59:16.933000+00:00,jessychessy,UltraBullet,0,1
2015-03-13 05:56:16.494000+00:00,jessychessy,UltraBullet,1,0
2015-03-13 05:53:37.963000+00:00,UltraBullet,UltraBullet,0,0
2015-03-13 05:48:19.144000+00:00,cocochess,UltraBullet,0,1
2015-03-13 05:45:44.828000+00:00,UltraBullet,cocochess,0,1
2015-03-13 05:44:30.348000+00:00,cocochess,UltraBullet,0,1
2015-03-13 05:42:02.602000+00:00,UltraBullet,cocochess,0,0
2015-03-13 05:39:32.613000+00:00,cocochess,UltraBullet,1,0
2015-03-13 05:37:44.904000+00:00,UltraBullet,cocochess,1,0
2015-03-13 05:35:17.880000+00:00,cocochess,UltraBullet,1,0
2015-03-13 05:32:26.207000+00:00,UltraBullet,cocochess,1,0
2015-03-13 05:29:57.616000+00:00,cocochess,UltraBullet,1,0
2015-03-13 05:28:12.235000+00:00,UltraBullet,cocochess,1,0
2015-03-13 05:26:09.708000+00:00,cocochess,UltraBullet,0,1
2015-03-13 05:23:23.115000+00:00,UltraBullet,cocochess,0,1
2015-03-13 05:20:56.150000+00:00,cocochess,UltraBullet,1,0
2015-03-13 05:18:24.297000+00:00,UltraBullet,cocochess,1,0
2015-03-13 05:15:39.275000+00:00,cocochess,UltraBullet,1,0
2015-03-13 05:13:18.942000+00:00,UltraBullet,cocochess,1,0
2015-03-13 05:10:38.643000+00:00,cocochess,UltraBullet,1,0
2015-03-13 05:08:47.078000+00:00,UltraBullet,cocochess,1,0
2015-03-13 05:06:20.929000+00:00,cocochess,UltraBullet,1,0
2015-03-13 05:04:09.139000+00:00,UltraBullet,cocochess,1,0
2015-03-07 08:50:32.169000+00:00,UltraBullet,JZChess,1,0
2015-03-07 08:45:33.361000+00:00,UltraBullet,Baluk,1,0
2015-03-07 08:43:10.232000+00:00,Baluk,UltraBullet,1,0
2015-03-07 08:40:56.726000+00:00,UltraBullet,Baluk,0,1
2015-03-07 08:39:04.053000+00:00,UltraBullet,kicmak,1,0
2015-03-07 08:37:18.959000+00:00,kicmak,UltraBullet,1,0
2015-03-07 08:35:10.392000+00:00,UltraBullet,kicmak,0,1
2015-03-07 08:30:37.319000+00:00,luis_alfredop,UltraBullet,0,1
2015-03-07 08:28:44.967000+00:00,UltraBullet,luis_alfredop,1,0
2015-03-07 08:26:20.897000+00:00,luis_alfredop,UltraBullet,0,0
2015-03-07 08:23:46.986000+00:00,UltraBullet,luis_alfredop,1,0
2015-03-07 08:21:00.374000+00:00,luis_alfredop,UltraBullet,1,0
2015-03-07 08:05:02.363000+00:00,UltraBullet,luis_alfredop,1,0
2015-03-07 08:02:19.181000+00:00,luis_alfredop,UltraBullet,0,1
2015-03-07 07:57:35.024000+00:00,UltraBullet,clubamigos,1,0
2015-03-07 07:54:31.453000+00:00,clubamigos,UltraBullet,1,0
2015-03-07 07:43:15.590000+00:00,UltraBullet,antisuicide,0,1
2015-03-07 07:40:46.620000+00:00,antisuicide,UltraBullet,1,0
2015-03-07 07:38:16.622000+00:00,UltraBullet,antisuicide,1,0
2015-03-07 07:35:49.733000+00:00,antisuicide,UltraBullet,1,0
2015-03-07 07:33:16.267000+00:00,UltraBullet,antisuicide,1,0
2015-03-07 07:31:22.984000+00:00,antisuicide,UltraBullet,0,1
2015-03-07 07:28:59.875000+00:00,UltraBullet,antisuicide,0,1
2015-03-07 07:26:33.463000+00:00,antisuicide,UltraBullet,0,1
2015-03-07 07:23:57.042000+00:00,UltraBullet,antisuicide,0,1
2015-03-07 07:21:37.620000+00:00,antisuicide,UltraBullet,1,0
2015-03-07 07:19:54.991000+00:00,UltraBullet,antisuicide,1,0
2015-03-07 07:17:15.636000+00:00,antisuicide,UltraBullet,0,0
2015-03-07 07:14:51.368000+00:00,UltraBullet,antisuicide,1,0
2015-03-07 07:12:32.099000+00:00,antisuicide,UltraBullet,0,1
2015-03-07 07:10:11.739000+00:00,UltraBullet,antisuicide,1,0
2015-03-07 07:07:44.513000+00:00,antisuicide,UltraBullet,0,1
2015-03-07 07:05:21.553000+00:00,UltraBullet,antisuicide,0,1
2015-03-07 07:03:07.018000+00:00,antisuicide,UltraBullet,0,1
2015-03-07 07:00:23.914000+00:00,UltraBullet,antisuicide,0,1
2015-03-07 06:57:53.867000+00:00,antisuicide,UltraBullet,0,1
2015-03-07 06:55:12.366000+00:00,UltraBullet,antisuicide,1,0
2015-03-07 06:52:51.387000+00:00,antisuicide,UltraBullet,0,1
2015-03-07 06:50:22.095000+00:00,UltraBullet,antisuicide,0,1
2015-03-07 06:47:45.986000+00:00,antisuicide,UltraBullet,1,0
2015-03-07 06:45:12.127000+00:00,UltraBullet,antisuicide,0,1
2015-03-07 06:42:34.899000+00:00,antisuicide,UltraBullet,0,1
2015-03-07 06:39:54.884000+00:00,UltraBullet,antisuicide,1,0
2015-03-07 06:37:16.798000+00:00,antisuicide,UltraBullet,1,0
2015-03-07 06:34:58.496000+00:00,UltraBullet,antisuicide,1,0
2015-03-07 06:32:23.741000+00:00,antisuicide,UltraBullet,0,1
2015-03-07 06:29:53.929000+00:00,UltraBullet,antisuicide,1,0
2015-03-07 06:27:12.511000+00:00,antisuicide,UltraBullet,0,1
2015-03-07 06:24:52.772000+00:00,UltraBullet,antisuicide,1,0
2015-03-07 06:22:40.098000+00:00,antisuicide,UltraBullet,1,0
2015-03-07 06:20:05.785000+00:00,UltraBullet,antisuicide,1,0
2015-03-07 06:18:01.713000+00:00,antisuicide,UltraBullet,0,0
2015-03-07 06:15:38.370000+00:00,UltraBullet,antisuicide,0,1
2015-03-07 06:13:07.664000+00:00,antisuicide,UltraBullet,1,0
2015-03-07 06:10:49.865000+00:00,UltraBullet,antisuicide,0,1
2015-03-07 06:08:51.198000+00:00,antisuicide,UltraBullet,1,0
2015-03-07 06:06:37.578000+00:00,UltraBullet,antisuicide,1,0
2015-03-07 06:04:19.924000+00:00,antisuicide,UltraBullet,1,0
2015-03-07 06:02:02.377000+00:00,UltraBullet,antisuicide,1,0
2015-03-07 06:00:15.501000+00:00,antisuicide,UltraBullet,0,1
2015-03-07 05:57:33.753000+00:00,UltraBullet,antisuicide,1,0
2015-03-07 05:54:51.865000+00:00,antisuicide,UltraBullet,0,1
2015-03-07 05:52:13.898000+00:00,UltraBullet,antisuicide,1,0
2015-03-07 05:50:35.960000+00:00,antisuicide,UltraBullet,0,1
2015-03-07 05:48:11.716000+00:00,UltraBullet,antisuicide,1,0
2015-03-07 05:45:45.186000+00:00,antisuicide,UltraBullet,0,1
2015-03-07 05:43:14.647000+00:00,UltraBullet,antisuicide,1,0
2015-03-07 05:40:43.333000+00:00,antisuicide,UltraBullet,1,0
2015-03-07 05:38:36.899000+00:00,UltraBullet,antisuicide,1,0
2015-03-07 05:36:09.089000+00:00,antisuicide,UltraBullet,0,1
2015-03-07 05:33:37.338000+00:00,UltraBullet,antisuicide,0,1
2015-03-07 05:31:20.158000+00:00,antisuicide,UltraBullet,0,1
2015-03-07 05:28:41.889000+00:00,UltraBullet,antisuicide,0,1
2015-03-07 05:26:33.870000+00:00,antisuicide,UltraBullet,0,1
2015-03-07 05:25:07.844000+00:00,UltraBullet,antisuicide,1,0
2015-03-07 05:22:35.037000+00:00,antisuicide,UltraBullet,0,1
2015-03-07 05:20:08.502000+00:00,UltraBullet,antisuicide,0,1
2015-03-07 05:18:33.649000+00:00,antisuicide,UltraBullet,1,0
2015-03-07 05:13:35.312000+00:00,UltraBullet,fast-tsunami,1,0
2015-03-07 05:11:26.251000+00:00,fast-tsunami,UltraBullet,0,1
2015-03-07 05:08:33.474000+00:00,UltraBullet,fast-tsunami,0,0
2015-03-07 05:05:39.281000+00:00,fast-tsunami,UltraBullet,1,0
2015-03-07 05:02:53.697000+00:00,UltraBullet,fast-tsunami,0,1
2015-03-07 05:01:02.241000+00:00,fast-tsunami,UltraBullet,1,0
2015-03-07 04:58:23.245000+00:00,UltraBullet,fast-tsunami,0,1
2015-03-07 04:56:54.129000+00:00,fast-tsunami,UltraBullet,0,1
2015-03-07 04:54:11.505000+00:00,UltraBullet,fast-tsunami,0,1
2015-03-07 04:52:43.465000+00:00,fast-tsunami,UltraBullet,1,0
2015-03-07 04:50:07.181000+00:00,UltraBullet,fast-tsunami,0,1
2015-03-07 04:48:50.193000+00:00,fast-tsunami,UltraBullet,1,0
2015-03-07 04:43:20.139000+00:00,UltraBullet,luis_alfredop,1,0
2015-03-07 04:40:54.044000+00:00,luis_alfredop,UltraBullet,0,1
2015-03-07 04:38:14.109000+00:00,UltraBullet,luis_alfredop,1,0
2015-03-07 04:35:28.882000+00:00,luis_alfredop,UltraBullet,1,0
2015-03-07 04:33:16.287000+00:00,UltraBullet,luis_alfredop,0,1
2015-03-07 04:30:59.423000+00:00,luis_alfredop,UltraBullet,1,0
2015-03-07 04:28:44.641000+00:00,UltraBullet,luis_alfredop,0,1
2015-03-07 04:26:03.863000+00:00,luis_alfredop,UltraBullet,0,1
2015-03-07 04:23:12.900000+00:00,UltraBullet,luis_alfredop,1,0
2015-03-07 04:20:36.603000+00:00,luis_alfredop,UltraBullet,0,1
2015-03-07 04:17:51.630000+00:00,UltraBullet,luis_alfredop,1,0
2015-03-07 04:15:24.649000+00:00,luis_alfredop,UltraBullet,0,1
2015-03-07 04:12:27.415000+00:00,UltraBullet,luis_alfredop,1,0
2015-03-07 04:10:32.921000+00:00,luis_alfredop,UltraBullet,1,0
2015-03-07 04:08:12.991000+00:00,UltraBullet,luis_alfredop,1,0
2015-03-07 04:06:20.493000+00:00,luis_alfredop,UltraBullet,0,1
2015-03-07 04:03:49.836000+00:00,UltraBullet,luis_alfredop,1,0
2015-03-07 04:01:27.610000+00:00,luis_alfredop,UltraBullet,1,0
2015-03-07 03:58:28.078000+00:00,UltraBullet,luis_alfredop,0,1
2015-03-07 03:55:53.769000+00:00,luis_alfredop,UltraBullet,1,0
2015-03-07 03:53:19.160000+00:00,UltraBullet,luis_alfredop,1,0
2015-03-07 03:50:37.123000+00:00,luis_alfredop,UltraBullet,1,0
2015-03-07 03:49:48.822000+00:00,UltraBullet,luis_alfredop,1,0
2015-03-07 03:47:26.254000+00:00,luis_alfredop,UltraBullet,1,0
2015-03-07 02:25:56.216000+00:00,schopengarden,UltraBullet,0,1
2015-03-07 02:23:19.717000+00:00,UltraBullet,champignac,1,0
2015-03-07 02:21:01.927000+00:00,champignac,UltraBullet,0,1
2015-03-07 02:11:05.298000+00:00,piata,UltraBullet,0,1
2015-03-07 02:03:38.485000+00:00,unconvential,UltraBullet,0,1
2015-03-07 02:01:08.041000+00:00,UltraBullet,unconvential,1,0
2015-03-07 01:58:23.704000+00:00,unconvential,UltraBullet,1,0
2015-03-07 01:56:21.839000+00:00,UltraBullet,unconvential,0,1
2015-03-07 01:55:47.149000+00:00,unconvential,UltraBullet,0,1
2015-03-07 01:01:58.133000+00:00,piata,UltraBullet,0,1
2015-03-07 00:59:41.121000+00:00,piata,UltraBullet,0,1
2015-03-07 00:56:20.667000+00:00,piata,UltraBullet,1,0
2015-03-06 23:19:55.875000+00:00,luis_alfredop,UltraBullet,0,1
2015-03-06 23:16:51.055000+00:00,luis_alfredop,UltraBullet,1,0
2015-03-06 23:13:08.769000+00:00,cocoarg,UltraBullet,0,1
2015-03-06 23:11:17.164000+00:00,UltraBullet,TOPERTY,1,0
2015-03-04 22:18:09.728000+00:00,UltraBullet,-PaWnPuShEr-,1,0
2015-03-04 22:15:16.349000+00:00,THPXD,UltraBullet,0,1
2015-03-04 22:13:00.263000+00:00,UltraBullet,Yeahh1,1,0
2015-03-04 22:09:54.201000+00:00,qqzx,UltraBullet,0,1
2015-03-04 22:07:24.129000+00:00,UltraBullet,qqzx,0,1
2015-03-04 22:05:19.201000+00:00,qqzx,UltraBullet,1,0
2015-03-04 22:03:06.559000+00:00,UltraBullet,qqzx,0,1
2015-03-04 22:02:47.613000+00:00,qqzx,UltraBullet,0,1
2015-03-04 22:00:41.629000+00:00,UltraBullet,qqzx,0,1
2015-03-04 21:58:08.457000+00:00,qqzx,UltraBullet,0,1
2015-03-04 21:56:41.432000+00:00,UltraBullet,qqzx,1,0
2015-03-04 21:54:11.239000+00:00,qqzx,UltraBullet,0,1
2015-03-04 21:51:29.470000+00:00,UltraBullet,qqzx,0,0
2015-03-04 21:49:39.261000+00:00,qqzx,UltraBullet,1,0
2015-03-04 21:47:47.448000+00:00,UltraBullet,qqzx,0,1
2015-03-04 21:45:16.547000+00:00,qqzx,UltraBullet,1,0
2015-03-04 21:43:28.690000+00:00,UltraBullet,qqzx,0,1
2015-03-04 21:42:20.235000+00:00,qqzx,UltraBullet,0,1
2015-03-04 21:40:13.827000+00:00,UltraBullet,qqzx,0,1
2015-03-04 21:37:38.518000+00:00,qqzx,UltraBullet,0,0
2015-03-04 21:35:26.829000+00:00,UltraBullet,qqzx,0,0
2015-03-04 21:32:46.524000+00:00,qqzx,UltraBullet,0,1
2015-03-04 21:30:07.040000+00:00,UltraBullet,qqzx,0,1
2015-03-04 21:28:35.203000+00:00,qqzx,UltraBullet,0,1
2015-03-04 21:27:12.523000+00:00,UltraBullet,qqzx,1,0
2015-03-04 21:25:10.395000+00:00,UltraBullet,Florinmagnus,1,0
2015-03-04 21:22:38.196000+00:00,Florinmagnus,UltraBullet,0,1
2015-03-04 21:20:30.526000+00:00,UltraBullet,Florinmagnus,1,0
2015-03-04 21:19:53.889000+00:00,Florinmagnus,UltraBullet,0,1
2015-03-04 21:17:35.800000+00:00,UltraBullet,Florinmagnus,1,0
2015-03-04 21:15:21.473000+00:00,Florinmagnus,UltraBullet,1,0
2015-03-04 21:12:49.528000+00:00,UltraBullet,Florinmagnus,1,0
2015-03-04 21:10:34.834000+00:00,Florinmagnus,UltraBullet,0,1
2015-03-04 21:08:13.821000+00:00,UltraBullet,Florinmagnus,1,0
2015-03-04 21:05:48.856000+00:00,Florinmagnus,UltraBullet,1,0
2015-03-04 21:03:56.234000+00:00,UltraBullet,Florinmagnus,1,0
2015-03-04 21:01:39.096000+00:00,Florinmagnus,UltraBullet,0,1
2015-03-04 20:59:39.240000+00:00,UltraBullet,Florinmagnus,1,0
2015-03-04 20:55:08.232000+00:00,UltraBullet,zaphikel,1,0
2015-03-04 20:52:43.041000+00:00,zaphikel,UltraBullet,1,0
2015-03-04 20:50:25.465000+00:00,UltraBullet,zaphikel,0,1
2015-03-04 20:48:26.855000+00:00,zaphikel,UltraBullet,1,0
2015-03-04 20:12:57.300000+00:00,azad22,UltraBullet,0,1
2015-03-04 10:13:54.750000+00:00,kekdonkaments,UltraBullet,0,1
2015-03-04 10:06:04.075000+00:00,azad22,UltraBullet,0,1
2015-03-04 10:03:26.020000+00:00,luc5,UltraBullet,0,1
2015-03-04 10:00:50.598000+00:00,UltraBullet,luc5,1,0
2015-03-04 09:58:27.623000+00:00,luc5,UltraBullet,0,1
2015-03-04 09:55:56.764000+00:00,UltraBullet,luc5,1,0
2015-03-04 09:53:38.474000+00:00,luc5,UltraBullet,0,1
2015-03-04 09:51:17.043000+00:00,UltraBullet,luc5,0,1
2015-03-04 09:49:08.180000+00:00,luc5,UltraBullet,0,1
2015-03-04 09:47:05.777000+00:00,UltraBullet,luc5,1,0
2015-03-04 09:44:53.214000+00:00,luc5,UltraBullet,0,1
2015-03-04 09:43:24.920000+00:00,UltraBullet,luc5,1,0
2015-03-04 09:39:38.468000+00:00,UltraBullet,kinggkiller,1,0
2015-03-04 09:37:38.449000+00:00,kinggkiller,UltraBullet,1,0
2015-03-04 09:34:33.243000+00:00,binibin,UltraBullet,0,1
2015-03-04 09:31:15.219000+00:00,UltraBullet,Albator,1,0
2015-03-04 09:28:51.428000+00:00,Albator,UltraBullet,1,0
2015-03-04 09:26:40.794000+00:00,UltraBullet,Albator,1,0
2015-03-04 09:25:20.252000+00:00,Albator,UltraBullet,1,0
2015-03-04 09:23:11.907000+00:00,UltraBullet,Albator,0,1
2015-03-04 09:14:04.951000+00:00,JZChess,UltraBullet,1,0
2015-03-04 09:11:12.451000+00:00,UltraBullet,JZChess,1,0
2015-03-04 09:08:25.774000+00:00,JZChess,UltraBullet,0,1
2015-03-04 09:07:34.173000+00:00,UltraBullet,JZChess,0,1
2015-03-04 09:04:50.569000+00:00,JZChess,UltraBullet,0,1
2015-03-04 09:02:07.446000+00:00,UltraBullet,JZChess,1,0
2015-03-04 08:59:45.440000+00:00,JZChess,UltraBullet,1,0
2015-03-04 08:58:24.449000+00:00,UltraBullet,JZChess,1,0
2015-03-04 08:56:43.497000+00:00,JZChess,UltraBullet,0,1
2015-03-04 08:54:08.868000+00:00,UltraBullet,JZChess,0,1
2015-03-04 08:50:36.799000+00:00,JZChess,UltraBullet,0,0
2015-03-04 08:47:45.511000+00:00,UltraBullet,JZChess,1,0
2015-03-04 08:44:59.305000+00:00,JZChess,UltraBullet,0,1
2015-03-04 08:42:19.797000+00:00,UltraBullet,JZChess,1,0
2015-03-04 08:39:54.504000+00:00,JZChess,UltraBullet,0,1
2015-03-04 08:37:51.296000+00:00,UltraBullet,JZChess,0,1
2015-03-04 08:35:08.318000+00:00,JZChess,UltraBullet,0,1
2015-03-04 08:33:14.979000+00:00,UltraBullet,JZChess,1,0
2015-03-04 08:30:26.460000+00:00,UltraBullet,nestorzgz,1,0
2015-03-04 08:27:31.931000+00:00,ltk,UltraBullet,1,0
2015-03-04 08:24:44.657000+00:00,UltraBullet,ltk,0,0
2015-03-04 08:18:19.816000+00:00,UltraBullet,luis_alfredop,1,0
2015-03-04 07:53:06.012000+00:00,azad22,UltraBullet,0,1
2015-03-04 07:47:02.562000+00:00,UltraBullet,refreshingdrink,1,0
2015-03-04 07:43:39.699000+00:00,ffduu,UltraBullet,0,1
2015-03-04 07:40:30.634000+00:00,luis_alfredop,UltraBullet,0,1
2015-03-04 07:38:00.935000+00:00,UltraBullet,luis_alfredop,1,0
2015-03-04 07:35:31.039000+00:00,luis_alfredop,UltraBullet,0,1
2015-03-04 07:34:25.900000+00:00,UltraBullet,luis_alfredop,1,0
2015-03-04 06:31:39.259000+00:00,refreshingdrink,UltraBullet,0,1
2015-03-04 06:29:37.930000+00:00,UltraBullet,refreshingdrink,1,0
2015-03-04 05:15:49.583000+00:00,UltraBullet,refreshingdrink,1,0
2015-03-04 05:03:52.515000+00:00,UltraBullet,schopengarden,1,0
2015-03-04 05:01:59.989000+00:00,schopengarden,UltraBullet,0,1
2015-03-04 05:00:44.139000+00:00,UltraBullet,schopengarden,1,0
2015-03-04 04:58:01.867000+00:00,schopengarden,UltraBullet,0,0
2015-03-04 04:56:49.862000+00:00,UltraBullet,schopengarden,0,1
2015-03-04 04:53:58.294000+00:00,schopengarden,UltraBullet,1,0
2015-03-04 04:51:41.038000+00:00,UltraBullet,schopengarden,1,0
2015-03-04 04:49:16.388000+00:00,schopengarden,UltraBullet,0,1
2015-03-04 04:46:54.473000+00:00,UltraBullet,schopengarden,0,1
2015-03-04 04:45:59.724000+00:00,schopengarden,UltraBullet,0,1
2015-03-04 04:43:54.969000+00:00,UltraBullet,schopengarden,1,0
2015-03-04 04:41:41.364000+00:00,schopengarden,UltraBullet,0,1
2015-03-04 04:40:54.547000+00:00,UltraBullet,schopengarden,1,0
2015-03-04 04:38:02.176000+00:00,schopengarden,UltraBullet,1,0
2015-03-04 04:36:30.446000+00:00,UltraBullet,schopengarden,1,0
2015-03-04 04:34:41.183000+00:00,schopengarden,UltraBullet,0,1
2015-03-04 04:32:58.518000+00:00,UltraBullet,schopengarden,1,0
2015-03-04 04:29:53.429000+00:00,schopengarden,UltraBullet,0,0
2015-03-04 04:27:19.674000+00:00,UltraBullet,schopengarden,0,1
2015-03-04 04:24:43.476000+00:00,schopengarden,UltraBullet,0,1
2015-03-04 02:00:17.259000+00:00,Spoturnovsky,UltraBullet,0,1
2015-03-04 01:50:13.080000+00:00,UltraBullet,spab,1,0
2015-03-04 01:48:30.150000+00:00,spab,UltraBullet,0,1
2015-03-04 01:45:34.700000+00:00,jefe5000,UltraBullet,0,1
2015-03-03 20:37:16.652000+00:00,WooDoo,UltraBullet,0,1
2015-03-03 20:33:56.772000+00:00,fianchetto123,UltraBullet,1,0
2015-03-03 20:28:25.894000+00:00,attitudal,UltraBullet,0,1
2015-03-03 20:26:06.151000+00:00,ffduu,UltraBullet,0,1
2015-03-03 20:21:56.862000+00:00,Patent,UltraBullet,1,0
2015-03-03 20:19:23.678000+00:00,UltraBullet,Patent,0,0
2015-03-03 19:44:02.219000+00:00,THPXD,UltraBullet,0,1
2015-03-03 19:41:33.888000+00:00,UltraBullet,THPXD,1,0
2015-03-03 19:40:43.757000+00:00,THPXD,UltraBullet,0,1
2015-03-03 19:38:44.894000+00:00,UltraBullet,THPXD,1,0
2015-03-03 19:22:25.415000+00:00,PERSEI,UltraBullet,0,1
2015-03-03 19:04:09.188000+00:00,Aydin32,UltraBullet,0,1
2015-03-03 19:02:29.324000+00:00,UltraBullet,Aydin32,1,0
2015-03-03 19:01:08.025000+00:00,Aydin32,UltraBullet,0,1
2015-03-03 18:59:49.755000+00:00,UltraBullet,Aydin32,1,0
2015-03-03 18:57:56.819000+00:00,Aydin32,UltraBullet,0,1
2015-03-03 18:55:40.182000+00:00,UltraBullet,Aydin32,1,0
2015-03-03 18:53:21.168000+00:00,Aydin32,UltraBullet,0,1
2015-03-03 18:50:13.873000+00:00,UltraBullet,BertT,1,0
2015-03-03 18:48:29.085000+00:00,BertT,UltraBullet,0,1
2015-03-03 18:46:37.381000+00:00,iksi,UltraBullet,0,1
2015-03-03 18:18:37.327000+00:00,UltraBullet,Liakoni,1,0
2015-03-03 18:16:58.518000+00:00,UltraBullet,XoceanX,1,0
2015-03-03 18:14:34.593000+00:00,jstem,UltraBullet,0,1
2014-05-03 14:46:05.673000+00:00,E_R,CrazyHouse,1,0
2014-05-03 14:44:56.315000+00:00,mehrabjakvar,CrazyHouse,1,0
2014-05-03 14:42:24.510000+00:00,CrazyHouse,33ey3666,0,1
2014-05-03 14:37:48.182000+00:00,E_R,CrazyHouse,0,1
2012-02-01 20:26:19+00:00,chess960,SOKOL_71,0,1
2012-02-01 20:13:37+00:00,PF_Gordon_Gekko,chess960,0,1
2012-02-01 20:04:25+00:00,chess960,draganlimar,0,1
2012-02-01 19:56:59+00:00,chess960,valjevo,0,1
2012-02-01 19:52:11+00:00,valjevo,chess960,0,1
2012-02-01 19:47:38+00:00,chess960,valjevo,0,1
2012-02-01 19:41:44+00:00,valjevo,chess960,0,1
2012-02-01 19:34:20+00:00,Trotsky,chess960,0,1
2013-10-06 21:22:25.975000+00:00,german11,Kingofthehill,0,1
2013-10-06 21:19:36.575000+00:00,BEN-ZONA,Kingofthehill,1,0
2013-10-06 21:14:41.685000+00:00,denden_gra,Kingofthehill,0,1
2013-10-06 21:12:14.246000+00:00,Bl1ts,Kingofthehill,1,0
2013-10-05 14:43:41.159000+00:00,Kingofthehill,SPS53,0,0
2013-10-05 14:33:59.941000+00:00,Kingofthehill,BeSeLblu,0,1
2013-10-05 14:21:28.830000+00:00,Kingofthehill,SPS53,0,1
2013-10-05 14:17:48.271000+00:00,Kingofthehill,magnescarlsen,0,0
2013-10-05 14:12:23.101000+00:00,BeSeLblu,Kingofthehill,1,0
2015-12-30 21:52:01.025000+00:00,barobeyi,threecheck,0,1
2015-12-30 21:49:22.770000+00:00,bubblepipe,threecheck,1,0
2015-12-30 21:48:18.837000+00:00,Olifantje,threecheck,0,1
2015-12-30 21:46:41.408000+00:00,threecheck,adekcz,0,1
2015-12-30 21:45:46.616000+00:00,ADRIRIEN,threecheck,0,1
2015-12-30 21:44:30.524000+00:00,threecheck,Abd0,1,0
2015-12-30 21:42:38.757000+00:00,DontBeShy,threecheck,1,0
2015-12-30 21:41:03.485000+00:00,threecheck,Jaume_Barcelona,1,0
2015-12-30 21:39:44.366000+00:00,threecheck,Nooking,1,0
2015-12-30 21:38:15.956000+00:00,pntant,threecheck,0,1
2015-12-30 21:37:02.885000+00:00,Jaume_Barcelona,threecheck,1,0
2015-12-30 21:35:44.172000+00:00,threecheck,mirabi,1,0
2015-12-30 21:34:45.928000+00:00,threecheck,angharradwilson,1,0
2015-12-30 21:33:48.066000+00:00,tamerlan733,threecheck,0,1
2015-12-30 21:31:44.810000+00:00,threecheck,stevenhan,1,0
2015-12-30 21:30:32.899000+00:00,otstavnik60,threecheck,1,0
2015-12-30 21:29:26.700000+00:00,threecheck,w-e-e-d,1,0
2015-12-30 21:27:54.038000+00:00,threecheck,x1920,1,0
2015-12-30 21:25:27.505000+00:00,otstavnik60,threecheck,0,1
2015-12-30 21:24:14.705000+00:00,threecheck,w-e-e-d,1,0
2015-12-30 21:22:58.083000+00:00,threecheck,w-e-e-d,1,0
2015-12-30 21:21:34.144000+00:00,threecheck,w-e-e-d,1,0
2015-12-30 21:20:21.618000+00:00,threecheck,w-e-e-d,1,0
2015-12-30 21:18:53.731000+00:00,threecheck,w-e-e-d,1,0
2015-12-30 21:17:29.613000+00:00,threecheck,w-e-e-d,1,0
2014-10-11 09:52:57.150000+00:00,MarioCzernay,threecheck,0,1
2014-10-11 09:51:29.261000+00:00,teop23,threecheck,0,1
2014-10-11 09:48:41.567000+00:00,threecheck,silenn99,1,0
2014-10-10 16:27:39.346000+00:00,threecheck,mknz,1,0
2014-10-10 16:09:06.948000+00:00,youssef985,threecheck,0,1
2014-10-10 16:01:04.509000+00:00,threecheck,youssef985,1,0
2014-10-10 15:57:39.432000+00:00,threecheck,Orthix22,1,0
2014-10-10 15:56:54.257000+00:00,Orthix22,threecheck,0,1
2013-02-15 13:22:03.957000+00:00,babu,Antichess,0,1
2013-02-15 13:15:51.270000+00:00,Antichess,babu,1,0
2013-02-15 13:09:32.869000+00:00,babu,Antichess,0,1
2013-02-15 13:02:45.600000+00:00,Antichess,babu,1,0
2013-02-15 12:56:09.287000+00:00,babu,Antichess,0,1
2013-02-15 12:51:01.505000+00:00,Antichess,babu,0,1
2013-02-15 12:40:02.331000+00:00,babu,Antichess,0,0
2013-02-15 12:33:19.513000+00:00,Antichess,titanium_000,0,1
2013-02-15 12:28:51.591000+00:00,Antichess,,0,1
2013-02-15 12:27:14.898000+00:00,ZPavelZ,Antichess,1,0
2013-02-15 09:55:10.484000+00:00,Antichess,,1,0
2013-02-15 09:49:47.779000+00:00,,Antichess,0,1
2013-02-15 09:47:40.115000+00:00,,Antichess,1,0
2013-02-15 09:45:45.024000+00:00,Antichess,,0,1
2013-02-15 09:40:36.260000+00:00,,Antichess,1,0
2013-02-15 09:34:59.995000+00:00,Antichess,,0,1
2013-02-15 09:32:46.891000+00:00,,Antichess,1,0
2013-02-15 09:28:03.139000+00:00,Antichess,,0,1
2013-02-15 09:25:28.903000+00:00,Antichess,,0,1
2013-02-15 09:15:05.854000+00:00,Antichess,,0,0
2013-02-14 16:44:44.707000+00:00,Antichess,,1,0
2013-02-14 16:38:10.388000+00:00,,Antichess,0,1
2013-02-14 16:36:03.986000+00:00,Antichess,,0,1
2013-02-14 06:31:42.388000+00:00,Antichess,,1,0
2013-02-14 06:30:56.841000+00:00,Antichess,NewAtChess,1,0
2013-02-14 04:32:05.888000+00:00,Antichess,,0,1
2013-02-14 04:25:03.172000+00:00,,Antichess,1,0
2013-02-14 04:17:49.736000+00:00,,Antichess,1,0
2013-02-14 04:12:22.734000+00:00,Antichess,,0,1
2013-02-14 03:55:04.304000+00:00,Antichess,,1,0
2013-02-14 03:39:04.776000+00:00,Antichess,,0,1
2013-02-14 03:36:32.318000+00:00,,Antichess,1,0
2013-02-13 16:37:01.331000+00:00,,Antichess,0,1
2013-02-13 16:31:41.507000+00:00,Antichess,,0,1
2013-02-13 16:31:09.804000+00:00,,Antichess,0,1
2013-02-13 16:23:38.900000+00:00,,Antichess,1,0
2013-02-13 16:20:48.505000+00:00,Antichess,,0,1
2013-02-13 16:19:33.825000+00:00,Antichess,,0,1
2013-02-13 16:15:30.179000+00:00,,Antichess,1,0
2013-02-13 16:12:29.219000+00:00,abouzar25,Antichess,1,0
2013-02-13 16:08:07.668000+00:00,VHV1,Antichess,1,0
2013-02-13 15:53:14.553000+00:00,,Antichess,1,0
2013-02-13 15:44:33.246000+00:00,,Antichess,1,0
2013-02-13 13:44:21.457000+00:00,Antichess,,0,1
2013-02-13 13:38:53.011000+00:00,,Antichess,1,0
2013-02-13 13:36:27.979000+00:00,Antichess,,0,1
2013-02-13 13:33:21.906000+00:00,Antichess,,0,1
2013-02-13 13:28:30.791000+00:00,Antichess,,0,1
2013-02-13 13:25:31.836000+00:00,Antichess,,0,1
2013-02-13 13:22:33.084000+00:00,Antichess,mupel69,0,1
2013-02-13 13:20:11.949000+00:00,Antichess,,0,1
2013-02-13 13:15:55.408000+00:00,,Antichess,1,0
2013-02-13 13:13:44.165000+00:00,Antichess,,0,1
2013-02-13 13:09:06.754000+00:00,,Antichess,1,0
2013-02-13 13:03:33.821000+00:00,Antichess,jorjeta,0,1
2013-02-13 12:58:21.332000+00:00,jorjeta,Antichess,1,0
2013-02-13 12:52:59.841000+00:00,gonzalosar,Antichess,1,0
2013-02-13 12:49:06.918000+00:00,Antichess,hassan26,0,1
2013-02-13 12:44:51.161000+00:00,Antichess,KU5MA,0,1
2013-02-13 12:41:45.574000+00:00,Gameiza,Antichess,1,0
2013-02-13 12:23:35.155000+00:00,McPiter,Antichess,1,0
2013-02-13 11:14:45.882000+00:00,Antichess,babu,0,1
2013-02-13 11:07:15.980000+00:00,babu,Antichess,0,1
2013-02-13 10:59:34.856000+00:00,Antichess,babu,1,0
2013-02-13 10:47:02.852000+00:00,babu,Antichess,1,0
2013-02-13 09:04:02.711000+00:00,nshah,Antichess,1,0
2013-02-13 09:00:36.768000+00:00,Antichess,nshah,0,1
2013-02-13 08:56:13.986000+00:00,nshah,Antichess,1,0
2013-02-13 08:54:07.612000+00:00,nshah,Antichess,1,0
2013-02-13 08:47:13.777000+00:00,Antichess,ciccio,0,1
2013-02-13 08:44:30.652000+00:00,ciccio,Antichess,1,0
2013-02-13 08:31:24.348000+00:00,Antichess,czrdz,0,1
2013-02-13 08:29:45.374000+00:00,czrdz,Antichess,0,0
2013-02-13 08:27:22.299000+00:00,AlexPers,Antichess,1,0
2013-02-13 08:22:27.752000+00:00,TigrisGalia,Antichess,1,0
2013-02-13 08:15:19.907000+00:00,DA,Antichess,1,0
2013-02-13 08:11:56.920000+00:00,RS485,Antichess,1,0
2013-02-13 08:06:01.820000+00:00,Antichess,grigora,0,1
2013-02-13 07:59:21.252000+00:00,Antichess,NewAtChess,0,1
2013-02-13 07:47:10.052000+00:00,Antichess,Richard_XII,0,1
2013-02-13 07:39:46.990000+00:00,Dorky,Antichess,1,0
2013-02-13 07:34:22.159000+00:00,Antichess,hassan26,0,1
2013-02-13 07:29:02.109000+00:00,K-A-L-I,Antichess,1,0
2013-02-13 07:23:38.859000+00:00,carretudo,Antichess,1,0
2013-02-13 07:15:42.509000+00:00,Lisyonok,Antichess,1,0
2013-02-13 07:01:17.122000+00:00,bobbyfloe,Antichess,1,0
2013-02-13 06:55:01.147000+00:00,Antichess,bobbyfloe,0,1
2013-02-13 06:48:52.370000+00:00,willain,Antichess,0,1
2013-02-13 06:43:21.110000+00:00,crasytest,Antichess,0,1
2013-02-13 06:06:55.894000+00:00,,Antichess,1,0
2013-02-13 05:52:41.160000+00:00,Dipankar,Antichess,1,0
2013-02-13 05:26:22.531000+00:00,Antichess,khan,0,1
2013-02-13 05:23:41.574000+00:00,Antichess,royal23432,0,1
2013-02-13 05:21:43.527000+00:00,royal23432,Antichess,1,0
2013-02-13 05:19:03.488000+00:00,,Antichess,1,0
2013-02-13 05:13:27.635000+00:00,Antichess,NewAtChess,0,1
2013-02-13 05:09:22.142000+00:00,Antichess,caralho,0,1
2013-02-13 04:59:56.923000+00:00,yooh_,Antichess,1,0
2013-02-13 04:54:42.127000+00:00,Antichess,caralho,0,1
2013-08-06 13:33:04.707000+00:00,Atomic,orangejuice,0,1
2013-08-06 13:22:49.635000+00:00,bmv,Atomic,1,0
2013-08-06 13:14:45.737000+00:00,motoquasi,Atomic,0,1
2013-03-08 11:16:26.052000+00:00,UnbeatableWinner,horde,1,0
2013-03-08 11:12:21.997000+00:00,UnbeatableWinner,horde,1,0
2013-03-08 11:08:57.266000+00:00,pikaron,horde,1,0
2013-03-08 10:59:08.854000+00:00,horde,papichulo123,0,1
2013-03-08 10:53:14.382000+00:00,papichulo123,horde,1,0
2013-03-08 10:47:31.217000+00:00,horde,papichulo123,1,0
